<?xml version="1.0" encoding="UTF-8"?>
<map>
   <appContext helpID="heading_h.ab8zoixcmoh1"
               path="getting_started_with_the_nvsipl_multicast_sample.html"/>
   <appContext helpID="heading_h.vcqi3yj4c5a6" path="sample_description.html"/>
   <appContext helpID="heading_h.9x36l2co55sk" path="features.html"/>
   <appContext helpID="topic_ppv_vtv_cyb" path="SC7.html"/>
   <appContext helpID="heading_h.x2u8voqyg5gx" path="late-attch.html"/>
   <appContext helpID="heading_h.ye9lpj2px9t0" path="peer_validation.html"/>
   <appContext helpID="heading_h.awbglusmyo54" path="inference_task.html"/>
   <appContext helpID="heading_h.3sskyg4kbwkr" path="stitching_and_display.html"/>
   <appContext helpID="topic_ipr_vgw_cyb" path="DP-MST-Display.html"/>
   <appContext helpID="heading_h.hfruzb6jhnfc" path="usage.html"/>
   <appContext helpID="topic_md5_jtq_1yb" path="versions-10.html"/>
   <appContext helpID="LegalInformation1" path="LegalInformation1.html"/>
</map>
